message_id,audio,category
34,../data/sounds/34.wav,glass
35,../data/sounds/35.wav,glass
36,../data/sounds/36.wav,glass
37,../data/sounds/37.wav,glass
38,../data/sounds/38.wav,tear
39,../data/sounds/39.wav,tear
40,../data/sounds/40.wav,tear
41,../data/sounds/41.wav,tear
42,../data/sounds/42.wav,water
43,../data/sounds/43.wav,water
44,../data/sounds/44.wav,water
45,../data/sounds/45.wav,water
46,../data/sounds/46.wav,zipper
47,../data/sounds/47.wav,zipper
48,../data/sounds/48.wav,zipper
49,../data/sounds/49.wav,zipper
50,../data/sounds/50.wav,water
51,../data/sounds/51.wav,tear
52,../data/sounds/52.wav,water
53,../data/sounds/53.wav,zipper
54,../data/sounds/54.wav,tear
55,../data/sounds/55.wav,zipper
56,../data/sounds/56.wav,glass
57,../data/sounds/57.wav,glass
58,../data/sounds/58.wav,water
59,../data/sounds/59.wav,tear
60,../data/sounds/60.wav,zipper
61,../data/sounds/61.wav,glass
62,../data/sounds/62.wav,tear
63,../data/sounds/63.wav,glass
64,../data/sounds/64.wav,water
65,../data/sounds/65.wav,zipper
66,../data/sounds/66.wav,water
67,../data/sounds/67.wav,zipper
68,../data/sounds/68.wav,tear
69,../data/sounds/69.wav,glass
70,../data/sounds/70.wav,zipper
71,../data/sounds/71.wav,tear
72,../data/sounds/72.wav,glass
73,../data/sounds/73.wav,water
74,../data/sounds/74.wav,glass
75,../data/sounds/75.wav,tear
76,../data/sounds/76.wav,zipper
77,../data/sounds/77.wav,water
86,../data/sounds/86.wav,tear
87,../data/sounds/87.wav,glass
88,../data/sounds/88.wav,water
89,../data/sounds/89.wav,zipper
90,../data/sounds/90.wav,zipper
91,../data/sounds/91.wav,tear
92,../data/sounds/92.wav,water
93,../data/sounds/93.wav,glass
94,../data/sounds/94.wav,zipper
95,../data/sounds/95.wav,water
96,../data/sounds/96.wav,water
97,../data/sounds/97.wav,zipper
98,../data/sounds/98.wav,tear
99,../data/sounds/99.wav,glass
100,../data/sounds/100.wav,tear
101,../data/sounds/101.wav,glass
102,../data/sounds/102.wav,water
103,../data/sounds/103.wav,zipper
104,../data/sounds/104.wav,tear
105,../data/sounds/105.wav,zipper
106,../data/sounds/106.wav,tear
107,../data/sounds/107.wav,water
108,../data/sounds/108.wav,glass
109,../data/sounds/109.wav,glass
110,../data/sounds/110.wav,tear
111,../data/sounds/111.wav,glass
112,../data/sounds/112.wav,water
113,../data/sounds/113.wav,zipper
114,../data/sounds/114.wav,tear
115,../data/sounds/115.wav,water
116,../data/sounds/116.wav,glass
117,../data/sounds/117.wav,zipper
118,../data/sounds/118.wav,zipper
123,../data/sounds/123.wav,glass
124,../data/sounds/124.wav,zipper
125,../data/sounds/125.wav,water
126,../data/sounds/126.wav,tear
132,../data/sounds/132.wav,zipper
133,../data/sounds/133.wav,water
134,../data/sounds/134.wav,glass
135,../data/sounds/135.wav,tear
136,../data/sounds/136.wav,glass
137,../data/sounds/137.wav,water
138,../data/sounds/138.wav,tear
139,../data/sounds/139.wav,zipper
140,../data/sounds/140.wav,tear
141,../data/sounds/141.wav,zipper
142,../data/sounds/142.wav,water
143,../data/sounds/143.wav,glass
144,../data/sounds/144.wav,glass
145,../data/sounds/145.wav,tear
146,../data/sounds/146.wav,zipper
147,../data/sounds/147.wav,water
148,../data/sounds/148.wav,glass
149,../data/sounds/149.wav,tear
150,../data/sounds/150.wav,zipper
151,../data/sounds/151.wav,water
152,../data/sounds/152.wav,glass
153,../data/sounds/153.wav,water
154,../data/sounds/154.wav,zipper
155,../data/sounds/155.wav,tear
156,../data/sounds/156.wav,tear
157,../data/sounds/157.wav,water
158,../data/sounds/158.wav,zipper
159,../data/sounds/159.wav,glass
160,../data/sounds/160.wav,glass
161,../data/sounds/161.wav,water
162,../data/sounds/162.wav,zipper
163,../data/sounds/163.wav,tear
164,../data/sounds/164.wav,glass
165,../data/sounds/165.wav,water
166,../data/sounds/166.wav,zipper
167,../data/sounds/167.wav,tear
172,../data/sounds/172.wav,glass
173,../data/sounds/173.wav,water
174,../data/sounds/174.wav,zipper
175,../data/sounds/175.wav,tear
176,../data/sounds/176.wav,tear
177,../data/sounds/177.wav,zipper
178,../data/sounds/178.wav,glass
179,../data/sounds/179.wav,water
180,../data/sounds/180.wav,glass
181,../data/sounds/181.wav,tear
182,../data/sounds/182.wav,zipper
183,../data/sounds/183.wav,water
184,../data/sounds/184.wav,water
185,../data/sounds/185.wav,tear
186,../data/sounds/186.wav,glass
187,../data/sounds/187.wav,zipper
188,../data/sounds/188.wav,glass
189,../data/sounds/189.wav,tear
190,../data/sounds/190.wav,water
191,../data/sounds/191.wav,zipper
192,../data/sounds/192.wav,glass
193,../data/sounds/193.wav,zipper
194,../data/sounds/194.wav,glass
195,../data/sounds/195.wav,water
196,../data/sounds/196.wav,tear
197,../data/sounds/197.wav,tear
198,../data/sounds/198.wav,zipper
199,../data/sounds/199.wav,glass
200,../data/sounds/200.wav,water
201,../data/sounds/201.wav,glass
202,../data/sounds/202.wav,zipper
203,../data/sounds/203.wav,zipper
204,../data/sounds/204.wav,tear
205,../data/sounds/205.wav,glass
206,../data/sounds/206.wav,tear
207,../data/sounds/207.wav,zipper
208,../data/sounds/208.wav,water
209,../data/sounds/209.wav,water
210,../data/sounds/210.wav,glass
211,../data/sounds/211.wav,tear
212,../data/sounds/212.wav,zipper
213,../data/sounds/213.wav,zipper
214,../data/sounds/214.wav,water
215,../data/sounds/215.wav,glass
216,../data/sounds/216.wav,tear
217,../data/sounds/217.wav,tear
218,../data/sounds/218.wav,zipper
219,../data/sounds/219.wav,glass
220,../data/sounds/220.wav,water
221,../data/sounds/221.wav,glass
222,../data/sounds/222.wav,tear
223,../data/sounds/223.wav,zipper
224,../data/sounds/224.wav,water
225,../data/sounds/225.wav,tear
226,../data/sounds/226.wav,glass
227,../data/sounds/227.wav,zipper
228,../data/sounds/228.wav,water
229,../data/sounds/229.wav,tear
230,../data/sounds/230.wav,zipper
231,../data/sounds/231.wav,water
232,../data/sounds/232.wav,glass
233,../data/sounds/233.wav,tear
234,../data/sounds/234.wav,water
235,../data/sounds/235.wav,glass
236,../data/sounds/236.wav,zipper
237,../data/sounds/237.wav,zipper
238,../data/sounds/238.wav,tear
239,../data/sounds/239.wav,glass
240,../data/sounds/240.wav,water
241,../data/sounds/241.wav,zipper
242,../data/sounds/242.wav,glass
243,../data/sounds/243.wav,tear
244,../data/sounds/244.wav,zipper
245,../data/sounds/245.wav,glass
246,../data/sounds/246.wav,water
247,../data/sounds/247.wav,zipper
248,../data/sounds/248.wav,tear
249,../data/sounds/249.wav,water
250,../data/sounds/250.wav,tear
251,../data/sounds/251.wav,glass
252,../data/sounds/252.wav,water
253,../data/sounds/253.wav,water
254,../data/sounds/254.wav,tear
255,../data/sounds/255.wav,zipper
256,../data/sounds/256.wav,glass
257,../data/sounds/257.wav,zipper
258,../data/sounds/258.wav,water
259,../data/sounds/259.wav,glass
260,../data/sounds/260.wav,tear
261,../data/sounds/261.wav,tear
262,../data/sounds/262.wav,zipper
263,../data/sounds/263.wav,glass
264,../data/sounds/264.wav,water
265,../data/sounds/265.wav,zipper
266,../data/sounds/266.wav,glass
267,../data/sounds/267.wav,water
268,../data/sounds/268.wav,tear
269,../data/sounds/269.wav,tear
270,../data/sounds/270.wav,glass
271,../data/sounds/271.wav,tear
272,../data/sounds/272.wav,water
273,../data/sounds/273.wav,zipper
274,../data/sounds/274.wav,water
275,../data/sounds/275.wav,zipper
276,../data/sounds/276.wav,zipper
277,../data/sounds/277.wav,glass
278,../data/sounds/278.wav,water
279,../data/sounds/279.wav,water
280,../data/sounds/280.wav,tear
281,../data/sounds/281.wav,glass
282,../data/sounds/282.wav,tear
283,../data/sounds/283.wav,zipper
284,../data/sounds/284.wav,glass
285,../data/sounds/285.wav,water
286,../data/sounds/286.wav,glass
287,../data/sounds/287.wav,tear
288,../data/sounds/288.wav,zipper
289,../data/sounds/289.wav,water
290,../data/sounds/290.wav,zipper
291,../data/sounds/291.wav,water
292,../data/sounds/292.wav,tear
293,../data/sounds/293.wav,glass
294,../data/sounds/294.wav,zipper
295,../data/sounds/295.wav,water
296,../data/sounds/296.wav,tear
297,../data/sounds/297.wav,glass
298,../data/sounds/298.wav,tear
299,../data/sounds/299.wav,zipper
300,../data/sounds/300.wav,water
301,../data/sounds/301.wav,glass
302,../data/sounds/302.wav,tear
303,../data/sounds/303.wav,water
304,../data/sounds/304.wav,tear
305,../data/sounds/305.wav,glass
306,../data/sounds/306.wav,zipper
307,../data/sounds/307.wav,glass
308,../data/sounds/308.wav,tear
309,../data/sounds/309.wav,zipper
310,../data/sounds/310.wav,water
311,../data/sounds/311.wav,tear
312,../data/sounds/312.wav,water
313,../data/sounds/313.wav,zipper
314,../data/sounds/314.wav,glass
315,../data/sounds/315.wav,water
316,../data/sounds/316.wav,tear
317,../data/sounds/317.wav,glass
318,../data/sounds/318.wav,zipper
319,../data/sounds/319.wav,tear
320,../data/sounds/320.wav,tear
321,../data/sounds/321.wav,glass
322,../data/sounds/322.wav,zipper
323,../data/sounds/323.wav,water
324,../data/sounds/324.wav,glass
325,../data/sounds/325.wav,zipper
326,../data/sounds/326.wav,water
327,../data/sounds/327.wav,water
328,../data/sounds/328.wav,tear
329,../data/sounds/329.wav,glass
330,../data/sounds/330.wav,zipper
331,../data/sounds/331.wav,glass
332,../data/sounds/332.wav,zipper
333,../data/sounds/333.wav,water
334,../data/sounds/334.wav,tear
335,../data/sounds/335.wav,tear
336,../data/sounds/336.wav,glass
337,../data/sounds/337.wav,water
338,../data/sounds/338.wav,zipper
339,../data/sounds/339.wav,tear
340,../data/sounds/340.wav,water
341,../data/sounds/341.wav,glass
342,../data/sounds/342.wav,zipper
343,../data/sounds/343.wav,water
344,../data/sounds/344.wav,glass
345,../data/sounds/345.wav,zipper
346,../data/sounds/346.wav,tear
347,../data/sounds/347.wav,water
348,../data/sounds/348.wav,glass
349,../data/sounds/349.wav,tear
350,../data/sounds/350.wav,zipper
351,../data/sounds/351.wav,water
352,../data/sounds/352.wav,zipper
353,../data/sounds/353.wav,water
354,../data/sounds/354.wav,tear
355,../data/sounds/355.wav,glass
356,../data/sounds/356.wav,tear
357,../data/sounds/357.wav,zipper
358,../data/sounds/358.wav,glass
359,../data/sounds/359.wav,water
360,../data/sounds/360.wav,zipper
361,../data/sounds/361.wav,glass
362,../data/sounds/362.wav,tear
363,../data/sounds/363.wav,water
364,../data/sounds/364.wav,water
365,../data/sounds/365.wav,glass
366,../data/sounds/366.wav,zipper
367,../data/sounds/367.wav,tear
368,../data/sounds/368.wav,glass
369,../data/sounds/369.wav,water
370,../data/sounds/370.wav,tear
371,../data/sounds/371.wav,zipper
372,../data/sounds/372.wav,water
373,../data/sounds/373.wav,tear
374,../data/sounds/374.wav,zipper
375,../data/sounds/375.wav,water
376,../data/sounds/376.wav,tear
377,../data/sounds/377.wav,zipper
378,../data/sounds/378.wav,glass
379,../data/sounds/379.wav,glass
380,../data/sounds/380.wav,zipper
381,../data/sounds/381.wav,water
382,../data/sounds/382.wav,tear
383,../data/sounds/383.wav,glass
384,../data/sounds/384.wav,glass
385,../data/sounds/385.wav,tear
386,../data/sounds/386.wav,water
387,../data/sounds/387.wav,zipper
388,../data/sounds/388.wav,glass
389,../data/sounds/389.wav,water
390,../data/sounds/390.wav,tear
391,../data/sounds/391.wav,zipper
392,../data/sounds/392.wav,zipper
393,../data/sounds/393.wav,water
394,../data/sounds/394.wav,tear
395,../data/sounds/395.wav,tear
396,../data/sounds/396.wav,glass
397,../data/sounds/397.wav,water
398,../data/sounds/398.wav,tear
399,../data/sounds/399.wav,glass
400,../data/sounds/400.wav,zipper
401,../data/sounds/401.wav,zipper
402,../data/sounds/402.wav,water
403,../data/sounds/403.wav,water
404,../data/sounds/404.wav,glass
405,../data/sounds/405.wav,glass
406,../data/sounds/406.wav,glass
407,../data/sounds/407.wav,tear
408,../data/sounds/408.wav,tear
409,../data/sounds/409.wav,zipper
410,../data/sounds/410.wav,water
411,../data/sounds/411.wav,glass
412,../data/sounds/412.wav,zipper
413,../data/sounds/413.wav,tear
414,../data/sounds/414.wav,water
415,../data/sounds/415.wav,zipper
416,../data/sounds/416.wav,glass
417,../data/sounds/417.wav,tear
418,../data/sounds/418.wav,zipper
419,../data/sounds/419.wav,water
420,../data/sounds/420.wav,tear
421,../data/sounds/421.wav,water
422,../data/sounds/422.wav,zipper
423,../data/sounds/423.wav,glass
424,../data/sounds/424.wav,tear
425,../data/sounds/425.wav,tear
426,../data/sounds/426.wav,zipper
427,../data/sounds/427.wav,glass
428,../data/sounds/428.wav,water
429,../data/sounds/429.wav,glass
430,../data/sounds/430.wav,zipper
431,../data/sounds/431.wav,glass
432,../data/sounds/432.wav,water
433,../data/sounds/433.wav,tear
434,../data/sounds/434.wav,glass
435,../data/sounds/435.wav,zipper
436,../data/sounds/436.wav,tear
437,../data/sounds/437.wav,water
438,../data/sounds/438.wav,glass
439,../data/sounds/439.wav,tear
440,../data/sounds/440.wav,zipper
441,../data/sounds/441.wav,water
442,../data/sounds/442.wav,water
443,../data/sounds/443.wav,zipper
444,../data/sounds/444.wav,tear
445,../data/sounds/445.wav,glass
446,../data/sounds/446.wav,zipper
447,../data/sounds/447.wav,tear
448,../data/sounds/448.wav,water
449,../data/sounds/449.wav,glass
450,../data/sounds/450.wav,tear
451,../data/sounds/451.wav,water
452,../data/sounds/452.wav,glass
453,../data/sounds/453.wav,zipper
454,../data/sounds/454.wav,tear
455,../data/sounds/455.wav,water
456,../data/sounds/456.wav,zipper
457,../data/sounds/457.wav,glass
458,../data/sounds/458.wav,tear
459,../data/sounds/459.wav,water
460,../data/sounds/460.wav,glass
461,../data/sounds/461.wav,zipper
462,../data/sounds/462.wav,zipper
463,../data/sounds/463.wav,tear
464,../data/sounds/464.wav,glass
465,../data/sounds/465.wav,water
466,../data/sounds/466.wav,water
467,../data/sounds/467.wav,tear
468,../data/sounds/468.wav,zipper
469,../data/sounds/469.wav,glass
470,../data/sounds/470.wav,water
471,../data/sounds/471.wav,glass
472,../data/sounds/472.wav,tear
473,../data/sounds/473.wav,zipper
474,../data/sounds/474.wav,tear
475,../data/sounds/475.wav,glass
476,../data/sounds/476.wav,water
477,../data/sounds/477.wav,zipper
478,../data/sounds/478.wav,zipper
479,../data/sounds/479.wav,water
480,../data/sounds/480.wav,glass
481,../data/sounds/481.wav,tear
482,../data/sounds/482.wav,tear
483,../data/sounds/483.wav,glass
484,../data/sounds/484.wav,zipper
485,../data/sounds/485.wav,water
486,../data/sounds/486.wav,tear
487,../data/sounds/487.wav,water
488,../data/sounds/488.wav,zipper
489,../data/sounds/489.wav,glass
490,../data/sounds/490.wav,tear
491,../data/sounds/491.wav,glass
492,../data/sounds/492.wav,water
493,../data/sounds/493.wav,zipper
494,../data/sounds/494.wav,zipper
495,../data/sounds/495.wav,tear
496,../data/sounds/496.wav,glass
497,../data/sounds/497.wav,water
498,../data/sounds/498.wav,glass
499,../data/sounds/499.wav,zipper
500,../data/sounds/500.wav,tear
501,../data/sounds/501.wav,water
502,../data/sounds/502.wav,glass
503,../data/sounds/503.wav,tear
504,../data/sounds/504.wav,water
505,../data/sounds/505.wav,zipper
506,../data/sounds/506.wav,water
507,../data/sounds/507.wav,tear
508,../data/sounds/508.wav,zipper
509,../data/sounds/509.wav,glass
510,../data/sounds/510.wav,tear
511,../data/sounds/511.wav,water
512,../data/sounds/512.wav,zipper
513,../data/sounds/513.wav,glass
514,../data/sounds/514.wav,tear
515,../data/sounds/515.wav,water
516,../data/sounds/516.wav,glass
517,../data/sounds/517.wav,zipper
518,../data/sounds/518.wav,water
519,../data/sounds/519.wav,tear
520,../data/sounds/520.wav,glass
521,../data/sounds/521.wav,zipper
522,../data/sounds/522.wav,tear
523,../data/sounds/523.wav,water
524,../data/sounds/524.wav,glass
525,../data/sounds/525.wav,zipper
526,../data/sounds/526.wav,water
527,../data/sounds/527.wav,tear
528,../data/sounds/528.wav,zipper
529,../data/sounds/529.wav,glass
530,../data/sounds/530.wav,tear
531,../data/sounds/531.wav,water
532,../data/sounds/532.wav,zipper
533,../data/sounds/533.wav,glass
534,../data/sounds/534.wav,water
535,../data/sounds/535.wav,tear
536,../data/sounds/536.wav,water
537,../data/sounds/537.wav,tear
538,../data/sounds/538.wav,glass
539,../data/sounds/539.wav,zipper
540,../data/sounds/540.wav,zipper
541,../data/sounds/541.wav,water
542,../data/sounds/542.wav,glass
543,../data/sounds/543.wav,tear
544,../data/sounds/544.wav,glass
545,../data/sounds/545.wav,water
546,../data/sounds/546.wav,tear
547,../data/sounds/547.wav,zipper
548,../data/sounds/548.wav,zipper
549,../data/sounds/549.wav,glass
550,../data/sounds/550.wav,tear
551,../data/sounds/551.wav,water
552,../data/sounds/552.wav,tear
553,../data/sounds/553.wav,zipper
554,../data/sounds/554.wav,glass
555,../data/sounds/555.wav,water
556,../data/sounds/556.wav,glass
557,../data/sounds/557.wav,zipper
558,../data/sounds/558.wav,water
559,../data/sounds/559.wav,tear
560,../data/sounds/560.wav,tear
561,../data/sounds/561.wav,zipper
562,../data/sounds/562.wav,glass
563,../data/sounds/563.wav,water
564,../data/sounds/564.wav,water
565,../data/sounds/565.wav,zipper
566,../data/sounds/566.wav,glass
567,../data/sounds/567.wav,tear
